Filename,Title,Focus Keyword,Word Count,Number of Images,Avg Words Between Images,Total Meta Keywords,Total Internal Links,Total External Links,Related Tags Count,Links to Other Articles,Links to Freebies,Links to Paid Products,H2 Count,H3 Count,Has FAQ,Suggested Articles,Suggested Premium Products,Scroll To Top Button,Prev Button,Next Button,Table of Contents
best-benefits-of-puzzles-for-child-brain-development.html,Best Benefits of Puzzles for Child Brain Development,puzzles,2222,5,370,10,54,12,10,21,5,8,7,31,Yes,3,1,Yes,Yes,Yes,Yes
best-coloring-activities-for-elementary-kids-development.html,Best Coloring Activities for Elementary Kids' Development,coloring,1813,5,302,10,58,12,10,21,4,9,9,23,Yes,3,1,Yes,Yes,Yes,Yes
best-educational-printables-for-homeschool-ultimate-guide.html,Best Educational Printables for Homeschool: Ultimate Guide,printables,1909,5,318,10,59,11,10,21,5,9,9,23,Yes,3,1,Yes,Yes,Yes,Yes
best-fine-motor-skills-worksheets-for-preschoolers-the-ultimate-guide.html,Best Fine Motor Skills Worksheets for Preschoolers: The U...,fine,2080,5,346,10,45,12,10,21,4,7,1,14,Yes,3,1,Yes,Yes,Yes,No
best-printable-math-worksheets-for-first-graders-ultimate-guide.html,Best Printable Math Worksheets for First Graders: Ultimat...,worksheets,2311,5,385,10,55,12,10,21,5,8,8,26,Yes,3,1,Yes,Yes,Yes,Yes
best-spelling-practice-worksheets-for-elementary-students.html,Best Spelling Practice Worksheets for Elementary Students,worksheets,2086,5,347,10,60,11,10,21,5,7,9,31,Yes,3,1,Yes,Yes,Yes,Yes
best-sudoku-puzzles-for-beginners-kids-ultimate-guide.html,Best Sudoku Puzzles for Beginners Kids: Ultimate Guide,sudoku,2869,5,478,10,56,12,10,21,4,8,7,26,Yes,3,1,Yes,Yes,Yes,Yes
engaging-classroom-activities-top-early-learner-essentials.html,Engaging Classroom Activities: Top Early Learner Essentials,activities,2206,8,245,10,60,11,10,21,4,8,9,31,Yes,3,1,Yes,Yes,Yes,Yes
essential-shadow-matching-worksheets-for-toddlers-kids.html,Essential Shadow Matching Worksheets for Toddlers & Kids,matching,2351,5,391,10,62,11,10,21,5,8,9,26,Yes,3,1,Yes,Yes,Yes,Yes
how-coloring-activities-build-cognitive-skills-in-children.html,How Coloring Activities Build Cognitive Skills in Children,coloring,2161,5,360,10,54,12,10,21,4,10,8,23,Yes,3,1,Yes,Yes,Yes,Yes
how-photorealistic-spot-the-difference-puzzles-build-focus-visual-skills.html,How Photorealistic Spot the Difference Puzzles Build Focu...,difference,1812,5,302,10,61,12,10,21,5,13,9,23,Yes,3,1,Yes,Yes,Yes,Yes
how-photorealistic-spot-the-difference-puzzles-sharpen-a-childs-focus.html,How Photorealistic Spot the Difference Puzzles Sharpen a ...,difference,1906,5,317,10,63,12,10,21,5,17,9,23,Yes,3,1,Yes,Yes,Yes,Yes
how-spot-the-difference-activities-boost-observation-skills-in-kids.html,How Spot the Difference Activities Boost Observation Skil...,difference,1842,5,307,10,60,12,10,21,5,13,8,23,Yes,3,1,Yes,Yes,Yes,Yes
how-spot-the-difference-photorealistic-pictures-build-focus-observation-skills-i.html,Spot the Difference (Photorealistic) Build Focus in Kids,difference,2033,5,338,10,54,12,10,21,4,9,8,20,Yes,3,1,Yes,Yes,Yes,Yes
how-to-teach-logical-reasoning-to-kids-the-ultimate-guide.html,How to Teach Logical Reasoning to Kids: The Ultimate Guide,their,3243,5,540,10,60,12,10,21,4,8,7,26,Yes,3,1,Yes,Yes,Yes,Yes
how-to-use-a-freebie-pack-to-boost-essential-learning-skills.html,How to Use a Freebie Pack to Boost Essential Learning Skills,pack,1650,5,275,10,53,11,10,21,4,9,7,22,Yes,3,1,Yes,Yes,Yes,Yes
how-to-use-cooking-activities-to-boost-executive-function-proven-method.html,How to Use Cooking Activities to Boost Executive Function...,recipe,1780,9,178,10,53,11,10,21,5,8,7,23,Yes,3,1,Yes,Yes,Yes,Yes
how-to-use-creative-clip-art-to-boost-fine-motor-cognitive-skills.html,How to Use Creative Clip Art to Boost Fine Motor & Cognit...,clip,1708,5,284,10,53,11,10,21,7,8,7,23,Yes,3,1,Yes,Yes,Yes,Yes
how-to-use-four-in-a-row-to-unlock-your-childs-strategic-thinking.html,How to Use Four In A Row to Unlock Your Child's Strategic...,game,1744,5,290,10,54,11,10,21,6,8,8,20,Yes,3,1,Yes,Yes,Yes,Yes
how-to-use-kids-math-equations-to-supercharge-number-sense.html,How to Use Kids Math Equations to Supercharge Number Sense,math,1793,5,298,10,54,11,10,21,6,8,8,22,Yes,3,1,Yes,Yes,Yes,Yes
how-to-use-mazes-to-unlock-your-childs-problem-solving-skills.html,How to Use Mazes to Unlock Your Child's Problem-Solving S...,maze,1718,5,286,10,52,11,10,21,6,8,7,23,Yes,3,1,Yes,Yes,Yes,Yes
how-to-use-skyscraper-to-boost-your-childs-logic-skills.html,How to Use Skyscraper to Boost Your Child's Logic Skills,puzzle,1604,5,267,10,49,11,10,21,4,7,7,23,Yes,3,1,Yes,Yes,Yes,Yes
how-to-use-stickers-to-boost-fine-motor-cognitive-skills.html,How to Use Stickers to Boost Fine Motor & Cognitive Skills,stickers,1777,5,296,10,52,11,10,21,5,8,8,25,Yes,3,1,Yes,Yes,Yes,Yes
how-to-use-this-activity-book-to-boost-your-childs-critical-thinking.html,How to Use This Activity Book to Boost Your Child's Criti...,book,1673,5,278,10,54,11,10,21,7,9,6,23,Yes,3,1,Yes,Yes,Yes,Yes
how-word-search-activities-boost-reading-skills-in-children.html,How Word Search Activities Boost Reading Skills in Children,word,2675,5,445,10,51,11,10,21,5,7,6,23,Yes,3,1,Yes,Yes,Yes,Yes
how-word-search-activities-build-vocabulary-focus-in-kids.html,How Word Search Activities Build Vocabulary & Focus in Kids,word,2336,5,389,10,55,12,10,21,6,10,9,23,Yes,3,1,Yes,Yes,Yes,Yes
ultimate-counting-exercises-for-preschoolers-printable.html,Ultimate Counting Exercises for Preschoolers Printable,counting,2581,5,430,10,58,12,10,21,8,9,9,23,Yes,3,1,Yes,Yes,Yes,Yes
ultimate-critical-thinking-activities-for-kindergarten.html,Ultimate Critical Thinking Activities for Kindergarten,thinking,2335,5,389,10,52,12,10,21,5,8,8,26,Yes,3,1,Yes,Yes,Yes,Yes
ultimate-printable-logic-puzzles-for-kids-6-10.html,Ultimate Printable Logic Puzzles for Kids 6-10,puzzles,2986,5,497,10,59,12,10,21,6,9,7,26,Yes,3,1,Yes,Yes,Yes,Yes
